{
  "app/vite.config.ts": 1771005504.586931,
  "app/src/App.vue": 1771261146.6190724,
  "app/src/main.ts": 1771002997.6060886,
  "app/src/scoring/engine.ts": 1771942878.6756034,
  "app/src/router/index.ts": 1771230734.9327447,
  "app/src/api/client.ts": 1774432466.9256604,
  "app/src/loader/yaml-loader.ts": 1771339773.9452708,
  "app/src/loader/validators.ts": 1771340081.9412296,
  "app/src/i18n/de.ts": 1774432449.7937415,
  "app/src/i18n/index.ts": 1771003388.0345776,
  "app/src/i18n/en.ts": 1774432455.7457101,
  "app/src/utils/localized.ts": 1771003796.6046329,
  "app/src/utils/storage.ts": 1771423599.8586328,
  "app/src/utils/id.ts": 1776087838.820691,
  "app/src/stores/admin.ts": 1774432425.0738678,
  "app/src/stores/assessment.ts": 1771003392.5225754,
  "app/src/stores/response.ts": 1771492077.5313516,
  "app/src/stores/settings.ts": 1771002926.498235,
  "app/src/views/FacilitatorView.vue": 1776087838.820691,
  "app/src/views/HomeView.vue": 1771317716.681964,
  "app/src/views/ResultsView.vue": 1774432522.433393,
  "app/src/views/ThankYouView.vue": 1771261305.758096,
  "app/src/views/AssessmentView.vue": 1771508859.5558546,
  "app/src/composables/useAssessmentFlow.ts": 1771492090.9320085,
  "app/src/components/AdminGate.vue": 1774432442.9857771,
  "app/src/components/layout/AppFooter.vue": 1771423579.5679207,
  "app/src/components/layout/AppHeader.vue": 1771261116.2110214,
  "app/src/components/layout/LanguageToggle.vue": 1771261126.2313251,
  "app/src/components/layout/ThemeToggle.vue": 1771423601.3945608,
  "app/src/components/assessment/MaturityQuestion.vue": 1771334384.173722,
  "app/src/components/assessment/ProgressBar.vue": 1771261352.0893238,
  "app/src/components/assessment/ChoiceQuestion.vue": 1771508064.8458743,
  "app/src/components/assessment/PowerfulQuestion.vue": 1771261348.8271477,
  "app/src/components/assessment/SegmentationForm.vue": 1771261367.1390057,
  "app/src/components/assessment/IntroPanel.vue": 1771508820.5682845,
  "app/src/types/assessment.ts": 1771002869.886373,
  "app/src/types/scoring.ts": 1771942765.0988305,
  "app/src/types/response.ts": 1771491617.085151,
  "app/src/types/question.ts": 1771340386.3331683,
  "app/server/index.ts": 1776087838.820691,
  "app/server/routes/results.ts": 1776087838.820691,
  "app/server/routes/sessions.ts": 1774432403.2219152,
  "app/server/routes/responses.ts": 1772013342.031219,
  "app/server/middleware/admin-auth.ts": 1774432350.4903858,
  "app/server/storage/json-store.ts": 1772013284.5113542,
  "app/tests/scoring/engine.test.ts": 1771340175.8012047,
  "app/tests/loader/validators.test.ts": 1771003645.4456944,
  "REPO-ARCHITECTURE.md": 1774974156.5921984,
  "AGENTS.md": 1774430138.612724,
  "CLAUDE.md": 1770796858.6145763,
  "README.md": 1772025049.4203491,
  "GEMINI.md": 1770796873.5545733,
  "app/APP-PLAN.md": 1771423664.7722926,
  "app/TECH-STACK.md": 1774432127.0728714,
  "app/deploy/PACKAGING-GUIDE.md": 1774445267.9645638,
  "app/deploy/SETUP-ANLEITUNG.md": 1774435198.7358356,
  "app/deploy/README.md": 1774433002.4279206,
  "app/standalone/craft-explorer-macos-x64/README.txt": 1772176290.900318,
  "app/standalone/craft-explorer-linux-x64/README.txt": 1772176295.64831,
  "app/standalone/craft-explorer-windows-x64/README.txt": 1772176281.5843198,
  "app/standalone/craft-explorer-macos-arm64/README.txt": 1772176286.2923088,
  "deliverables/craft-service-offerings.md": 1774430216.262795,
  "deliverables/craft-continuous-measurement-hitl.md": 1774430203.7670982,
  "deliverables/craft-agile-enabler-perspective.md": 1772704473.9323308,
  "deliverables/intervention-catalogue-readiness.md": 1776087900.6443777,
  "deliverables/craft-context-exploration.md": 1770890739.804695,
  "deliverables/craft-aufwandsschaetzung.md": 1776153661.8533394,
  "deliverables/craft-use-case-finsecure.md": 1770716220.7184212,
  "deliverables/pulse-check-question-bank-v1.md": 1776153344.2095094,
  "deliverables/craft-pitch.md": 1774430203.7670982,
  "deliverables/presentation/craft-community-talk-script.md": 1774431181.0149403,
  "deliverables/Events/core_team_community_feedback.md": 1771431882.9543946,
  "deliverables/question_banks/METHODOLOGY.md": 1771942302.6518176,
  "deliverables/question_banks/business-impact-discovery.md": 1774428637.2345188,
  "deliverables/question_banks/CHALLENGE-MAP.md": 1771942496.2077575,
  "deliverables/trainings/ai-transformation-enablement.md": 1773159696.5358162,
  "deliverables/trainings/teilnehmer-checklist-und-ankuendigung.md": 1774269804.715941,
  "deliverables/trainings/README.md": 1774528303.768865,
  "deliverables/trainings/templates/gast-trainer-briefing.md": 1774262758.0254204,
  "deliverables/trainings/design/mural-kontextleiter.md": 1774528278.7220218,
  "deliverables/trainings/design/konzept.md": 1774269791.6599433,
  "deliverables/trainings/design/self-assessment.md": 1773998960.429561,
  "deliverables/trainings/design/growth-log.md": 1774262633.285625,
  "deliverables/trainings/blocks/block-01-results.md": 1774284222.992689,
  "deliverables/trainings/blocks/block-03-ai-im-code.md": 1774528181.9950533,
  "deliverables/trainings/blocks/block-04-sdlc.md": 1774269811.4519436,
  "deliverables/trainings/blocks/block-10-community-day.md": 1774262799.837241,
  "deliverables/trainings/blocks/block-05-pitfalls.md": 1774262735.4854593,
  "deliverables/trainings/blocks/block-00-onboarding.md": 1774262735.4854593,
  "deliverables/trainings/blocks/block-06-ms-copilot.md": 1774262799.837241,
  "deliverables/trainings/blocks/block-07-craft-framework.md": 1774262799.837241,
  "deliverables/trainings/blocks/block-08-craft-explorer.md": 1773159592.1014872,
  "deliverables/trainings/blocks/block-02-prompt-engineering.md": 1774528077.9667916,
  "deliverables/trainings/blocks/block-01-kickoff.md": 1774262735.4894593,
  "deliverables/trainings/blocks/block-09-roadmap.md": 1773159617.2690845,
  "archive/question_banks/maturity_question_bank.md": 1770716220.5744214,
  "archive/question_banks/context_assessment_methodology.md": 1770716220.5464215,
  "archive/question_banks/pre_readiness_question_bank.md": 1770716220.6104214,
  "archive/research/agent-instructions-uebersicht.md": 1770716220.6464214,
  "archive/research/unified-agent-instructions-architektur.md": 1770716220.6744213,
  "archive/research/agents-md-blueprint.md": 1770716220.6624212,
  "framework/ai-transformation-framework-craft.md": 1774430116.2812994,
  "Feedback/gerd_p.md": 1773167230.3006048,
  "research/contract_models/CRAFT-INTEGRATION.md": 1772574265.2655818,
  "research/contract_models/contract_models_strengths_weaknesses_maturity.md": 1772572099.628615,
  "research/contract_models/00_executive_summary.md": 1772572099.628615,
  "research/contract_models/contract_models_overview.md": 1772572099.628615,
  "research/contract_models/README.md": 1772572099.628615,
  "app/public/vite.svg": 1771002722.3028188,
  "deliverables/presentation/Capgemini_201x_logo.svg": 1770802743.544409,
  "deliverables/presentation/CRAFT_AI_TransformationFramework_Purpose.png": 1772179093.0684044,
  "deliverables/presentation/CRAFT_AI_TransformationFramework.png": 1772012597.2752619,
  "deliverables/presentation/AI_Transformation_Framework_Multimedia.mp4": 1773857902.8442986
}